강경란,1788,3550,-2000,NNP,교수명,T,강경란,*,*,*,*
강경란,1788,3550,-2000,NNP,교수명,T,강경란,*,*,*,*
강경태,1788,3549,-2000,NNP,교수명,F,강경태,*,*,*,*
강경화,1788,3549,-2000,NNP,교수명,F,강경화,*,*,*,*
강계욱,1788,3550,-2000,NNP,교수명,T,강계욱,*,*,*,*
강다해,1788,3549,-2000,NNP,교수명,F,강다해,*,*,*,*
강명희,1788,3549,-2000,NNP,교수명,F,강명희,*,*,*,*
강민성,1788,3550,-2000,NNP,교수명,T,강민성,*,*,*,*
강보수,1788,3549,-2000,NNP,교수명,F,강보수,*,*,*,*
강부성,1788,3550,-2000,NNP,교수명,T,강부성,*,*,*,*
강성식,1788,3550,-2000,NNP,교수명,T,강성식,*,*,*,*
강수준,1788,3550,-2000,NNP,교수명,T,강수준,*,*,*,*
강용한,1788,3550,-2000,NNP,교수명,T,강용한,*,*,*,*
강은주,1788,3549,-2000,NNP,교수명,F,강은주,*,*,*,*
강임호,1788,3549,-2000,NNP,교수명,F,강임호,*,*,*,*
강창욱,1788,3550,-2000,NNP,교수명,T,강창욱,*,*,*,*
강현숙,1788,3550,-2000,NNP,교수명,T,강현숙,*,*,*,*
경규형,1788,3550,-2000,NNP,교수명,T,경규형,*,*,*,*
고동희,1788,3549,-2000,NNP,교수명,F,고동희,*,*,*,*
고민삼,1788,3550,-2000,NNP,교수명,T,고민삼,*,*,*,*
고보형,1788,3550,-2000,NNP,교수명,T,고보형,*,*,*,*
고은영,1788,3550,-2000,NNP,교수명,T,고은영,*,*,*,*
고은지,1788,3549,-2000,NNP,교수명,F,고은지,*,*,*,*
고지현,1788,3550,-2000,NNP,교수명,T,고지현,*,*,*,*
고현석,1788,3550,-2000,NNP,교수명,T,고현석,*,*,*,*
고현정,1788,3550,-2000,NNP,교수명,T,고현정,*,*,*,*
고현주,1788,3549,-2000,NNP,교수명,F,고현주,*,*,*,*
공용택,1788,3550,-2000,NNP,교수명,T,공용택,*,*,*,*
공태식,1788,3550,-2000,NNP,교수명,T,공태식,*,*,*,*
곽도연,1788,3550,-2000,NNP,교수명,T,곽도연,*,*,*,*
곽동엽,1788,3550,-2000,NNP,교수명,T,곽동엽,*,*,*,*
구태환,1788,3550,-2000,NNP,교수명,T,구태환,*,*,*,*
국지연,1788,3550,-2000,NNP,교수명,T,국지연,*,*,*,*
권나현,1788,3550,-2000,NNP,교수명,T,권나현,*,*,*,*
권병일,1788,3550,-2000,NNP,교수명,T,권병일,*,*,*,*
권신형,1788,3550,-2000,NNP,교수명,T,권신형,*,*,*,*
권영헌,1788,3550,-2000,NNP,교수명,T,권영헌,*,*,*,*
권우진,1788,3550,-2000,NNP,교수명,T,권우진,*,*,*,*
권재윤,1788,3550,-2000,NNP,교수명,T,권재윤,*,*,*,*
권진,1788,3550,-2000,NNP,교수명,T,권진,*,*,*,*
권태원,1788,3550,-2000,NNP,교수명,T,권태원,*,*,*,*
권효윤,1788,3550,-2000,NNP,교수명,T,권효윤,*,*,*,*
금동준,1788,3550,-2000,NNP,교수명,T,금동준,*,*,*,*
기국간,1788,3550,-2000,NNP,교수명,T,기국간,*,*,*,*
길재욱,1788,3550,-2000,NNP,교수명,T,길재욱,*,*,*,*
김경숙,1788,3550,-2000,NNP,교수명,T,김경숙,*,*,*,*
김경욱,1788,3550,-2000,NNP,교수명,T,김경욱,*,*,*,*
김경화,1788,3549,-2000,NNP,교수명,F,김경화,*,*,*,*
김경회,1788,3549,-2000,NNP,교수명,F,김경회,*,*,*,*
김경희,1788,3549,-2000,NNP,교수명,F,김경희,*,*,*,*
김관욱,1788,3550,-2000,NNP,교수명,T,김관욱,*,*,*,*
김기범,1788,3550,-2000,NNP,교수명,T,김기범,*,*,*,*
김기욱,1788,3550,-2000,NNP,교수명,T,김기욱,*,*,*,*
김기형,1788,3550,-2000,NNP,교수명,T,김기형,*,*,*,*
김남욱,1788,3550,-2000,NNP,교수명,T,김남욱,*,*,*,*
김누리,1788,3549,-2000,NNP,교수명,F,김누리,*,*,*,*
김대경,1788,3550,-2000,NNP,교수명,T,김대경,*,*,*,*
김도균,1788,3550,-2000,NNP,교수명,T,김도균,*,*,*,*
김동규,1788,3549,-2000,NNP,교수명,F,김동규,*,*,*,*
김동성,1788,3550,-2000,NNP,교수명,T,김동성,*,*,*,*
김동우,1788,3549,-2000,NNP,교수명,F,김동우,*,*,*,*
김동욱,1788,3550,-2000,NNP,교수명,T,김동욱,*,*,*,*
김동학,1788,3550,-2000,NNP,교수명,T,김동학,*,*,*,*
김동환,1788,3550,-2000,NNP,교수명,T,김동환,*,*,*,*
김만근,1788,3550,-2000,NNP,교수명,T,김만근,*,*,*,*
김만인,1788,3550,-2000,NNP,교수명,T,김만인,*,*,*,*
김명희,1788,3549,-2000,NNP,교수명,F,김명희,*,*,*,*
김문선,1788,3550,-2000,NNP,교수명,T,김문선,*,*,*,*
김문일,1788,3550,-2000,NNP,교수명,T,김문일,*,*,*,*
김미숙,1788,3550,-2000,NNP,교수명,T,김미숙,*,*,*,*
김민경,1788,3550,-2000,NNP,교수명,T,김민경,*,*,*,*
김민석,1788,3550,-2000,NNP,교수명,T,김민석,*,*,*,*
김민수,1788,3549,-2000,NNP,교수명,F,김민수,*,*,*,*
김민철,1788,3550,-2000,NNP,교수명,T,김민철,*,*,*,*
김병호,1788,3549,-2000,NNP,교수명,F,김병호,*,*,*,*
김병훈,1788,3550,-2000,NNP,교수명,T,김병훈,*,*,*,*
김상규,1788,3549,-2000,NNP,교수명,F,김상규,*,*,*,*
김상성,1788,3550,-2000,NNP,교수명,T,김상성,*,*,*,*
김상연,1788,3550,-2000,NNP,교수명,T,김상연,*,*,*,*
김상조,1788,3549,-2000,NNP,교수명,F,김상조,*,*,*,*
김상진,1788,3550,-2000,NNP,교수명,T,김상진,*,*,*,*
김석훈,1788,3550,-2000,NNP,교수명,T,김석훈,*,*,*,*
김성민,1788,3550,-2000,NNP,교수명,T,김성민,*,*,*,*
김성수,1788,3549,-2000,NNP,교수명,F,김성수,*,*,*,*
김성신,1788,3550,-2000,NNP,교수명,T,김성신,*,*,*,*
김성욱,1788,3550,-2000,NNP,교수명,T,김성욱,*,*,*,*
김성준,1788,3550,-2000,NNP,교수명,T,김성준,*,*,*,*
김성한,1788,3550,-2000,NNP,교수명,T,김성한,*,*,*,*
김성호,1788,3549,-2000,NNP,교수명,F,김성호,*,*,*,*
김성화,1788,3549,-2000,NNP,교수명,F,김성화,*,*,*,*
김성훈,1788,3550,-2000,NNP,교수명,T,김성훈,*,*,*,*
김성희,1788,3549,-2000,NNP,교수명,F,김성희,*,*,*,*
김수경,1788,3550,-2000,NNP,교수명,T,김수경,*,*,*,*
김수은,1788,3550,-2000,NNP,교수명,T,김수은,*,*,*,*
김수지,1788,3549,-2000,NNP,교수명,F,김수지,*,*,*,*
김수진,1788,3550,-2000,NNP,교수명,T,김수진,*,*,*,*
김승희,1788,3549,-2000,NNP,교수명,F,김승희,*,*,*,*
김신엽,1788,3550,-2000,NNP,교수명,T,김신엽,*,*,*,*
김애영,1788,3550,-2000,NNP,교수명,T,김애영,*,*,*,*
김양희,1788,3549,-2000,NNP,교수명,F,김양희,*,*,*,*
김억섭,1788,3550,-2000,NNP,교수명,T,김억섭,*,*,*,*
김연경,1788,3550,-2000,NNP,교수명,T,김연경,*,*,*,*
김연신,1788,3550,-2000,NNP,교수명,T,김연신,*,*,*,*
김영규,1788,3549,-2000,NNP,교수명,F,김영규,*,*,*,*
김영미,1788,3549,-2000,NNP,교수명,F,김영미,*,*,*,*
김영식,1788,3550,-2000,NNP,교수명,T,김영식,*,*,*,*
김영우,1788,3549,-2000,NNP,교수명,F,김영우,*,*,*,*
김영재,1788,3549,-2000,NNP,교수명,F,김영재,*,*,*,*
김영진,1788,3550,-2000,NNP,교수명,T,김영진,*,*,*,*
김영천,1788,3550,-2000,NNP,교수명,T,김영천,*,*,*,*
김영철,1788,3550,-2000,NNP,교수명,T,김영철,*,*,*,*
김영훈,1788,3550,-2000,NNP,교수명,T,김영훈,*,*,*,*
김용규,1788,3549,-2000,NNP,교수명,F,김용규,*,*,*,*
김용수,1788,3549,-2000,NNP,교수명,F,김용수,*,*,*,*
김용승,1788,3550,-2000,NNP,교수명,T,김용승,*,*,*,*
김용신,1788,3550,-2000,NNP,교수명,T,김용신,*,*,*,*
김용욱,1788,3550,-2000,NNP,교수명,T,김용욱,*,*,*,*
김우희,1788,3549,-2000,NNP,교수명,F,김우희,*,*,*,*
김원규,1788,3549,-2000,NNP,교수명,F,김원규,*,*,*,*
김유찬,1788,3550,-2000,NNP,교수명,T,김유찬,*,*,*,*
김은상,1788,3550,-2000,NNP,교수명,T,김은상,*,*,*,*
김응화,1788,3549,-2000,NNP,교수명,F,김응화,*,*,*,*
김의훈,1788,3550,-2000,NNP,교수명,T,김의훈,*,*,*,*
김익기,1788,3549,-2000,NNP,교수명,F,김익기,*,*,*,*
김재균,1788,3550,-2000,NNP,교수명,T,김재균,*,*,*,*
김재영,1788,3550,-2000,NNP,교수명,T,김재영,*,*,*,*
김정기,1788,3549,-2000,NNP,교수명,F,김정기,*,*,*,*
김정룡,1788,3550,-2000,NNP,교수명,T,김정룡,*,*,*,*
김정미,1788,3549,-2000,NNP,교수명,F,김정미,*,*,*,*
김정선,1788,3550,-2000,NNP,교수명,T,김정선,*,*,*,*
김정은,1788,3550,-2000,NNP,교수명,T,김정은,*,*,*,*
김정현,1788,3550,-2000,NNP,교수명,T,김정현,*,*,*,*
김종렬,1788,3550,-2000,NNP,교수명,T,김종렬,*,*,*,*
김종복,1788,3550,-2000,NNP,교수명,T,김종복,*,*,*,*
김종수,1788,3549,-2000,NNP,교수명,F,김종수,*,*,*,*
김종익,1788,3550,-2000,NNP,교수명,T,김종익,*,*,*,*
김종주,1788,3549,-2000,NNP,교수명,F,김종주,*,*,*,*
김종현,1788,3550,-2000,NNP,교수명,T,김종현,*,*,*,*
김종호,1788,3549,-2000,NNP,교수명,F,김종호,*,*,*,*
김주연,1788,3550,-2000,NNP,교수명,T,김주연,*,*,*,*
김주희,1788,3549,-2000,NNP,교수명,F,김주희,*,*,*,*
김준용,1788,3550,-2000,NNP,교수명,T,김준용,*,*,*,*
김준형,1788,3550,-2000,NNP,교수명,T,김준형,*,*,*,*
김준호,1788,3549,-2000,NNP,교수명,F,김준호,*,*,*,*
김지석,1788,3550,-2000,NNP,교수명,T,김지석,*,*,*,*
김지아,1788,3549,-2000,NNP,교수명,F,김지아,*,*,*,*
김지영,1788,3550,-2000,NNP,교수명,T,김지영,*,*,*,*
김지원,1788,3550,-2000,NNP,교수명,T,김지원,*,*,*,*
김지현,1788,3550,-2000,NNP,교수명,T,김지현,*,*,*,*
김지후,1788,3549,-2000,NNP,교수명,F,김지후,*,*,*,*
김진경,1788,3550,-2000,NNP,교수명,T,김진경,*,*,*,*
김진기,1788,3549,-2000,NNP,교수명,F,김진기,*,*,*,*
김진주,1788,3549,-2000,NNP,교수명,F,김진주,*,*,*,*
김진형,1788,3550,-2000,NNP,교수명,T,김진형,*,*,*,*
김찬회,1788,3549,-2000,NNP,교수명,F,김찬회,*,*,*,*
김천,1788,3550,-2000,NNP,교수명,T,김천,*,*,*,*
김철기,1788,3549,-2000,NNP,교수명,F,김철기,*,*,*,*
김철민,1788,3550,-2000,NNP,교수명,T,김철민,*,*,*,*
김치성,1788,3550,-2000,NNP,교수명,T,김치성,*,*,*,*
김치호,1788,3549,-2000,NNP,교수명,F,김치호,*,*,*,*
김태경,1788,3550,-2000,NNP,교수명,T,김태경,*,*,*,*
김태곤,1788,3550,-2000,NNP,교수명,T,김태곤,*,*,*,*
김태균,1788,3550,-2000,NNP,교수명,T,김태균,*,*,*,*
김태선,1788,3550,-2000,NNP,교수명,T,김태선,*,*,*,*
김태웅,1788,3550,-2000,NNP,교수명,T,김태웅,*,*,*,*
김태원,1788,3550,-2000,NNP,교수명,T,김태원,*,*,*,*
김태형,1788,3550,-2000,NNP,교수명,T,김태형,*,*,*,*
김태환,1788,3550,-2000,NNP,교수명,T,김태환,*,*,*,*
김하늬,1788,3549,-2000,NNP,교수명,F,김하늬,*,*,*,*
김헌,1788,3550,-2000,NNP,교수명,T,김헌,*,*,*,*
김현,1788,3550,-2000,NNP,교수명,T,김현,*,*,*,*
김현수,1788,3549,-2000,NNP,교수명,F,김현수,*,*,*,*
김현숙,1788,3550,-2000,NNP,교수명,T,김현숙,*,*,*,*
김현하,1788,3549,-2000,NNP,교수명,F,김현하,*,*,*,*
김형수,1788,3549,-2000,NNP,교수명,F,김형수,*,*,*,*
김형주,1788,3549,-2000,NNP,교수명,F,김형주,*,*,*,*
김혜선,1788,3550,-2000,NNP,교수명,T,김혜선,*,*,*,*
김혜수,1788,3549,-2000,NNP,교수명,F,김혜수,*,*,*,*
김혜영,1788,3550,-2000,NNP,교수명,T,김혜영,*,*,*,*
김호영,1788,3550,-2000,NNP,교수명,T,김호영,*,*,*,*
김호진,1788,3550,-2000,NNP,교수명,T,김호진,*,*,*,*
김효은,1788,3550,-2000,NNP,교수명,T,김효은,*,*,*,*
김효준,1788,3550,-2000,NNP,교수명,T,김효준,*,*,*,*
김희택,1788,3550,-2000,NNP,교수명,T,김희택,*,*,*,*
나휘영,1788,3550,-2000,NNP,교수명,T,나휘영,*,*,*,*
남상걸,1788,3550,-2000,NNP,교수명,T,남상걸,*,*,*,*
남상백,1788,3550,-2000,NNP,교수명,T,남상백,*,*,*,*
남태규,1788,3549,-2000,NNP,교수명,F,남태규,*,*,*,*
남해운,1788,3550,-2000,NNP,교수명,T,남해운,*,*,*,*
노승관,1788,3550,-2000,NNP,교수명,T,노승관,*,*,*,*
노정진,1788,3550,-2000,NNP,교수명,T,노정진,*,*,*,*
노지성,1788,3550,-2000,NNP,교수명,T,노지성,*,*,*,*
노형준,1788,3550,-2000,NNP,교수명,T,노형준,*,*,*,*
노홍준,1788,3550,-2000,NNP,교수명,T,노홍준,*,*,*,*
노희진,1788,3550,-2000,NNP,교수명,T,노희진,*,*,*,*
두일철,1788,3550,-2000,NNP,교수명,T,두일철,*,*,*,*
류재욱,1788,3550,-2000,NNP,교수명,T,류재욱,*,*,*,*
류종석,1788,3550,-2000,NNP,교수명,T,류종석,*,*,*,*
류호경,1788,3550,-2000,NNP,교수명,T,류호경,*,*,*,*
마상백,1788,3550,-2000,NNP,교수명,T,마상백,*,*,*,*
문규영,1788,3550,-2000,NNP,교수명,T,문규영,*,*,*,*
문성욱,1788,3550,-2000,NNP,교수명,T,문성욱,*,*,*,*
문영식,1788,3550,-2000,NNP,교수명,T,문영식,*,*,*,*
문준연,1788,3550,-2000,NNP,교수명,T,문준연,*,*,*,*
문혜영,1788,3550,-2000,NNP,교수명,T,문혜영,*,*,*,*
문효방,1788,3550,-2000,NNP,교수명,T,문효방,*,*,*,*
민선준,1788,3550,-2000,NNP,교수명,T,민선준,*,*,*,*
민웅규,1788,3549,-2000,NNP,교수명,F,민웅규,*,*,*,*
민현구,1788,3549,-2000,NNP,교수명,F,민현구,*,*,*,*
민현석,1788,3550,-2000,NNP,교수명,T,민현석,*,*,*,*
민현준,1788,3550,-2000,NNP,교수명,T,민현준,*,*,*,*
민형기,1788,3549,-2000,NNP,교수명,F,민형기,*,*,*,*
박경옥,1788,3550,-2000,NNP,교수명,T,박경옥,*,*,*,*
박경원,1788,3550,-2000,NNP,교수명,T,박경원,*,*,*,*
박경진,1788,3550,-2000,NNP,교수명,T,박경진,*,*,*,*
박경하,1788,3549,-2000,NNP,교수명,F,박경하,*,*,*,*
박경호,1788,3549,-2000,NNP,교수명,F,박경호,*,*,*,*
박관정,1788,3550,-2000,NNP,교수명,T,박관정,*,*,*,*
박규태,1788,3549,-2000,NNP,교수명,F,박규태,*,*,*,*
박근완,1788,3550,-2000,NNP,교수명,T,박근완,*,*,*,*
박기묵,1788,3550,-2000,NNP,교수명,T,박기묵,*,*,*,*
박기수,1788,3549,-2000,NNP,교수명,F,박기수,*,*,*,*
박기현,1788,3550,-2000,NNP,교수명,T,박기현,*,*,*,*
박무건,1788,3550,-2000,NNP,교수명,T,박무건,*,*,*,*
박미진,1788,3550,-2000,NNP,교수명,T,박미진,*,*,*,*
박범영,1788,3550,-2000,NNP,교수명,T,박범영,*,*,*,*
박상천,1788,3550,-2000,NNP,교수명,T,박상천,*,*,*,*
박석중,1788,3550,-2000,NNP,교수명,T,박석중,*,*,*,*
박성광,1788,3550,-2000,NNP,교수명,T,박성광,*,*,*,*
박성복,1788,3550,-2000,NNP,교수명,T,박성복,*,*,*,*
박성주,1788,3549,-2000,NNP,교수명,F,박성주,*,*,*,*
박성준,1788,3550,-2000,NNP,교수명,T,박성준,*,*,*,*
박성현,1788,3550,-2000,NNP,교수명,T,박성현,*,*,*,*
박성혜,1788,3549,-2000,NNP,교수명,F,박성혜,*,*,*,*
박소연,1788,3550,-2000,NNP,교수명,T,박소연,*,*,*,*
박소영,1788,3550,-2000,NNP,교수명,T,박소영,*,*,*,*
박수밀,1788,3550,-2000,NNP,교수명,T,박수밀,*,*,*,*
박수조,1788,3549,-2000,NNP,교수명,F,박수조,*,*,*,*
박순호,1788,3549,-2000,NNP,교수명,F,박순호,*,*,*,*
박연수,1788,3549,-2000,NNP,교수명,F,박연수,*,*,*,*
박용일,1788,3550,-2000,NNP,교수명,T,박용일,*,*,*,*
박융호,1788,3549,-2000,NNP,교수명,F,박융호,*,*,*,*
박인식,1788,3550,-2000,NNP,교수명,T,박인식,*,*,*,*
박재민,1788,3550,-2000,NNP,교수명,T,박재민,*,*,*,*
박재우,1788,3549,-2000,NNP,교수명,F,박재우,*,*,*,*
박조원,1788,3550,-2000,NNP,교수명,T,박조원,*,*,*,*
박종용,1788,3550,-2000,NNP,교수명,T,박종용,*,*,*,*
박종진,1788,3550,-2000,NNP,교수명,T,박종진,*,*,*,*
박종화,1788,3549,-2000,NNP,교수명,F,박종화,*,*,*,*
박종훈,1788,3550,-2000,NNP,교수명,T,박종훈,*,*,*,*
박주현,1788,3550,-2000,NNP,교수명,T,박주현,*,*,*,*
박준영,1788,3550,-2000,NNP,교수명,T,박준영,*,*,*,*
박지혜,1788,3549,-2000,NNP,교수명,F,박지혜,*,*,*,*
박진구,1788,3549,-2000,NNP,교수명,F,박진구,*,*,*,*
박진석,1788,3550,-2000,NNP,교수명,T,박진석,*,*,*,*
박진성,1788,3550,-2000,NNP,교수명,T,박진성,*,*,*,*
박창순,1788,3550,-2000,NNP,교수명,T,박창순,*,*,*,*
박태주,1788,3549,-2000,NNP,교수명,F,박태주,*,*,*,*
박태준,1788,3550,-2000,NNP,교수명,T,박태준,*,*,*,*
박한진,1788,3550,-2000,NNP,교수명,T,박한진,*,*,*,*
박현길,1788,3550,-2000,NNP,교수명,T,박현길,*,*,*,*
박현미,1788,3549,-2000,NNP,교수명,F,박현미,*,*,*,*
박현욱,1788,3550,-2000,NNP,교수명,T,박현욱,*,*,*,*
박현지,1788,3549,-2000,NNP,교수명,F,박현지,*,*,*,*
박혜영,1788,3550,-2000,NNP,교수명,T,박혜영,*,*,*,*
박효석,1788,3550,-2000,NNP,교수명,T,박효석,*,*,*,*
박희진,1788,3550,-2000,NNP,교수명,T,박희진,*,*,*,*
방의석,1788,3550,-2000,NNP,교수명,T,방의석,*,*,*,*
방장혁,1788,3550,-2000,NNP,교수명,T,방장혁,*,*,*,*
방진호,1788,3549,-2000,NNP,교수명,F,방진호,*,*,*,*
배대성,1788,3550,-2000,NNP,교수명,T,배대성,*,*,*,*
배소연,1788,3550,-2000,NNP,교수명,T,배소연,*,*,*,*
배예나,1788,3549,-2000,NNP,교수명,F,배예나,*,*,*,*
배옥남,1788,3550,-2000,NNP,교수명,T,배옥남,*,*,*,*
배운철,1788,3550,-2000,NNP,교수명,T,배운철,*,*,*,*
배은혜,1788,3549,-2000,NNP,교수명,F,배은혜,*,*,*,*
배정섭,1788,3550,-2000,NNP,교수명,T,배정섭,*,*,*,*
백경미,1788,3549,-2000,NNP,교수명,F,백경미,*,*,*,*
백경선,1788,3550,-2000,NNP,교수명,T,백경선,*,*,*,*
백대은,1788,3550,-2000,NNP,교수명,T,백대은,*,*,*,*
백도현,1788,3550,-2000,NNP,교수명,T,백도현,*,*,*,*
백동현,1788,3550,-2000,NNP,교수명,T,백동현,*,*,*,*
백상현,1788,3550,-2000,NNP,교수명,T,백상현,*,*,*,*
백소연,1788,3550,-2000,NNP,교수명,T,백소연,*,*,*,*
백승현,1788,3550,-2000,NNP,교수명,T,백승현,*,*,*,*
백인덕,1788,3550,-2000,NNP,교수명,T,백인덕,*,*,*,*
백정화,1788,3549,-2000,NNP,교수명,F,백정화,*,*,*,*
백종성,1788,3550,-2000,NNP,교수명,T,백종성,*,*,*,*
변성규,1788,3549,-2000,NNP,교수명,F,변성규,*,*,*,*
사공진,1788,3550,-2000,NNP,교수명,T,사공진,*,*,*,*
서광원,1788,3550,-2000,NNP,교수명,T,서광원,*,*,*,*
서기열,1788,3550,-2000,NNP,교수명,T,서기열,*,*,*,*
서승현,1788,3550,-2000,NNP,교수명,T,서승현,*,*,*,*
서애란,1788,3550,-2000,NNP,교수명,T,서애란,*,*,*,*
서연수,1788,3549,-2000,NNP,교수명,F,서연수,*,*,*,*
서영찬,1788,3550,-2000,NNP,교수명,T,서영찬,*,*,*,*
서은영,1788,3550,-2000,NNP,교수명,T,서은영,*,*,*,*
서은희,1788,3549,-2000,NNP,교수명,F,서은희,*,*,*,*
서정화,1788,3549,-2000,NNP,교수명,F,서정화,*,*,*,*
서혜명,1788,3550,-2000,NNP,교수명,T,서혜명,*,*,*,*
서환주,1788,3549,-2000,NNP,교수명,F,서환주,*,*,*,*
석동우,1788,3549,-2000,NNP,교수명,F,석동우,*,*,*,*
성기훈,1788,3550,-2000,NNP,교수명,T,성기훈,*,*,*,*
소상영,1788,3550,-2000,NNP,교수명,T,소상영,*,*,*,*
손승우,1788,3549,-2000,NNP,교수명,F,손승우,*,*,*,*
손정연,1788,3550,-2000,NNP,교수명,T,손정연,*,*,*,*
송도영,1788,3550,-2000,NNP,교수명,T,송도영,*,*,*,*
송민정,1788,3550,-2000,NNP,교수명,T,송민정,*,*,*,*
송유진,1788,3550,-2000,NNP,교수명,T,송유진,*,*,*,*
송정식,1788,3550,-2000,NNP,교수명,T,송정식,*,*,*,*
송종철,1788,3550,-2000,NNP,교수명,T,송종철,*,*,*,*
송지성,1788,3550,-2000,NNP,교수명,T,송지성,*,*,*,*
송택렬,1788,3550,-2000,NNP,교수명,T,송택렬,*,*,*,*
송화,1788,3549,-2000,NNP,교수명,F,송화,*,*,*,*
순아름,1788,3550,-2000,NNP,교수명,T,순아름,*,*,*,*
신경훈,1788,3550,-2000,NNP,교수명,T,신경훈,*,*,*,*
신규식,1788,3550,-2000,NNP,교수명,T,신규식,*,*,*,*
신동수,1788,3549,-2000,NNP,교수명,F,신동수,*,*,*,*
신동윤,1788,3550,-2000,NNP,교수명,T,신동윤,*,*,*,*
신동희,1788,3549,-2000,NNP,교수명,F,신동희,*,*,*,*
신만재,1788,3549,-2000,NNP,교수명,F,신만재,*,*,*,*
신명진,1788,3550,-2000,NNP,교수명,T,신명진,*,*,*,*
신봉희,1788,3549,-2000,NNP,교수명,F,신봉희,*,*,*,*
신성원,1788,3550,-2000,NNP,교수명,T,신성원,*,*,*,*
신인수,1788,3549,-2000,NNP,교수명,F,신인수,*,*,*,*
신태성,1788,3550,-2000,NNP,교수명,T,신태성,*,*,*,*
신현철,1788,3550,-2000,NNP,교수명,T,신현철,*,*,*,*
심규병,1788,3550,-2000,NNP,교수명,T,심규병,*,*,*,*
심상완,1788,3550,-2000,NNP,교수명,T,심상완,*,*,*,*
심성욱,1788,3550,-2000,NNP,교수명,T,심성욱,*,*,*,*
심원술,1788,3550,-2000,NNP,교수명,T,심원술,*,*,*,*
심종인,1788,3550,-2000,NNP,교수명,T,심종인,*,*,*,*
심현우,1788,3549,-2000,NNP,교수명,F,심현우,*,*,*,*
심혜린,1788,3550,-2000,NNP,교수명,T,심혜린,*,*,*,*
안강호,1788,3549,-2000,NNP,교수명,F,안강호,*,*,*,*
안기용,1788,3550,-2000,NNP,교수명,T,안기용,*,*,*,*
안선응,1788,3550,-2000,NNP,교수명,T,안선응,*,*,*,*
안성훈,1788,3550,-2000,NNP,교수명,T,안성훈,*,*,*,*
안신원,1788,3550,-2000,NNP,교수명,T,안신원,*,*,*,*
안용한,1788,3550,-2000,NNP,교수명,T,안용한,*,*,*,*
안유민,1788,3550,-2000,NNP,교수명,T,안유민,*,*,*,*
안윤지,1788,3549,-2000,NNP,교수명,F,안윤지,*,*,*,*
안일신,1788,3550,-2000,NNP,교수명,T,안일신,*,*,*,*
안중현,1788,3550,-2000,NNP,교수명,T,안중현,*,*,*,*
안지훈,1788,3550,-2000,NNP,교수명,T,안지훈,*,*,*,*
안진필,1788,3550,-2000,NNP,교수명,T,안진필,*,*,*,*
안창현,1788,3550,-2000,NNP,교수명,T,안창현,*,*,*,*
안치원,1788,3550,-2000,NNP,교수명,T,안치원,*,*,*,*
양성일,1788,3550,-2000,NNP,교수명,T,양성일,*,*,*,*
양은진,1788,3550,-2000,NNP,교수명,T,양은진,*,*,*,*
양진숙,1788,3550,-2000,NNP,교수명,T,양진숙,*,*,*,*
양해원,1788,3550,-2000,NNP,교수명,T,양해원,*,*,*,*
양현익,1788,3550,-2000,NNP,교수명,T,양현익,*,*,*,*
어경태,1788,3549,-2000,NNP,교수명,F,어경태,*,*,*,*
어영선,1788,3550,-2000,NNP,교수명,T,어영선,*,*,*,*
엄경희,1788,3549,-2000,NNP,교수명,F,엄경희,*,*,*,*
연혜란,1788,3550,-2000,NNP,교수명,T,연혜란,*,*,*,*
염정,1788,3550,-2000,NNP,교수명,T,염정,*,*,*,*
예상욱,1788,3550,-2000,NNP,교수명,T,예상욱,*,*,*,*
오규택,1788,3550,-2000,NNP,교수명,T,오규택,*,*,*,*
오상훈,1788,3550,-2000,NNP,교수명,T,오상훈,*,*,*,*
오새룬터,1788,3549,-2000,NNP,교수명,F,오새룬터,*,*,*,*
오세풍,1788,3550,-2000,NNP,교수명,T,오세풍,*,*,*,*
오순화,1788,3549,-2000,NNP,교수명,F,오순화,*,*,*,*
오승준,1788,3550,-2000,NNP,교수명,T,오승준,*,*,*,*
오영진,1788,3550,-2000,NNP,교수명,T,오영진,*,*,*,*
오영효,1788,3549,-2000,NNP,교수명,F,오영효,*,*,*,*
오우근,1788,3550,-2000,NNP,교수명,T,오우근,*,*,*,*
오재응,1788,3550,-2000,NNP,교수명,T,오재응,*,*,*,*
오제훈,1788,3550,-2000,NNP,교수명,T,오제훈,*,*,*,*
오철,1788,3550,-2000,NNP,교수명,T,오철,*,*,*,*
오혜근,1788,3550,-2000,NNP,교수명,T,오혜근,*,*,*,*
오희국,1788,3550,-2000,NNP,교수명,T,오희국,*,*,*,*
왕문옥,1788,3550,-2000,NNP,교수명,T,왕문옥,*,*,*,*
우형진,1788,3550,-2000,NNP,교수명,T,우형진,*,*,*,*
원석희,1788,3549,-2000,NNP,교수명,F,원석희,*,*,*,*
원영조,1788,3549,-2000,NNP,교수명,F,원영조,*,*,*,*
원영준,1788,3550,-2000,NNP,교수명,T,원영준,*,*,*,*
원은지,1788,3549,-2000,NNP,교수명,F,원은지,*,*,*,*
원종욱,1788,3550,-2000,NNP,교수명,T,원종욱,*,*,*,*
원혜영,1788,3550,-2000,NNP,교수명,T,원혜영,*,*,*,*
원호식,1788,3550,-2000,NNP,교수명,T,원호식,*,*,*,*
위행복,1788,3550,-2000,NNP,교수명,T,위행복,*,*,*,*
유경렬,1788,3550,-2000,NNP,교수명,T,유경렬,*,*,*,*
유명환,1788,3550,-2000,NNP,교수명,T,유명환,*,*,*,*
유병규,1788,3549,-2000,NNP,교수명,F,유병규,*,*,*,*
유봉영,1788,3550,-2000,NNP,교수명,T,유봉영,*,*,*,*
유수호,1788,3549,-2000,NNP,교수명,F,유수호,*,*,*,*
유승호,1788,3549,-2000,NNP,교수명,F,유승호,*,*,*,*
유원철,1788,3550,-2000,NNP,교수명,T,유원철,*,*,*,*
유정규,1788,3549,-2000,NNP,교수명,F,유정규,*,*,*,*
유정연,1788,3550,-2000,NNP,교수명,T,유정연,*,*,*,*
유정재,1788,3549,-2000,NNP,교수명,F,유정재,*,*,*,*
유제흥,1788,3550,-2000,NNP,교수명,T,유제흥,*,*,*,*
유한규,1788,3549,-2000,NNP,교수명,F,유한규,*,*,*,*
유혜현,1788,3550,-2000,NNP,교수명,T,유혜현,*,*,*,*
유효종,1788,3550,-2000,NNP,교수명,T,유효종,*,*,*,*
유희문,1788,3550,-2000,NNP,교수명,T,유희문,*,*,*,*
윤명화,1788,3549,-2000,NNP,교수명,F,윤명화,*,*,*,*
윤명희,1788,3549,-2000,NNP,교수명,F,윤명희,*,*,*,*
윤상욱,1788,3550,-2000,NNP,교수명,T,윤상욱,*,*,*,*
윤성범,1788,3550,-2000,NNP,교수명,T,윤성범,*,*,*,*
윤순애,1788,3549,-2000,NNP,교수명,F,윤순애,*,*,*,*
윤여갑,1788,3550,-2000,NNP,교수명,T,윤여갑,*,*,*,*
윤우진,1788,3550,-2000,NNP,교수명,T,윤우진,*,*,*,*
윤의식,1788,3550,-2000,NNP,교수명,T,윤의식,*,*,*,*
윤인하,1788,3549,-2000,NNP,교수명,F,윤인하,*,*,*,*
윤정준,1788,3550,-2000,NNP,교수명,T,윤정준,*,*,*,*
윤정화,1788,3549,-2000,NNP,교수명,F,윤정화,*,*,*,*
윤종민,1788,3550,-2000,NNP,교수명,T,윤종민,*,*,*,*
윤종영,1788,3550,-2000,NNP,교수명,T,윤종영,*,*,*,*
윤종완,1788,3550,-2000,NNP,교수명,T,윤종완,*,*,*,*
윤종원,1788,3550,-2000,NNP,교수명,T,윤종원,*,*,*,*
윤종헌,1788,3550,-2000,NNP,교수명,T,윤종헌,*,*,*,*
윤준용,1788,3550,-2000,NNP,교수명,T,윤준용,*,*,*,*
윤충한,1788,3550,-2000,NNP,교수명,T,윤충한,*,*,*,*
윤태식,1788,3550,-2000,NNP,교수명,T,윤태식,*,*,*,*
은하수,1788,3549,-2000,NNP,교수명,F,은하수,*,*,*,*
이강석,1788,3550,-2000,NNP,교수명,T,이강석,*,*,*,*
이강준,1788,3550,-2000,NNP,교수명,T,이강준,*,*,*,*
이건우,1788,3549,-2000,NNP,교수명,F,이건우,*,*,*,*
이경덕,1788,3550,-2000,NNP,교수명,T,이경덕,*,*,*,*
이경렬,1788,3550,-2000,NNP,교수명,T,이경렬,*,*,*,*
이경원,1788,3550,-2000,NNP,교수명,T,이경원,*,*,*,*
이기영,1788,3550,-2000,NNP,교수명,T,이기영,*,*,*,*
이기형,1788,3550,-2000,NNP,교수명,T,이기형,*,*,*,*
이도형,1788,3550,-2000,NNP,교수명,T,이도형,*,*,*,*
이동재,1788,3549,-2000,NNP,교수명,F,이동재,*,*,*,*
이동호,1788,3549,-2000,NNP,교수명,F,이동호,*,*,*,*
이명연,1788,3550,-2000,NNP,교수명,T,이명연,*,*,*,*
이명헌,1788,3550,-2000,NNP,교수명,T,이명헌,*,*,*,*
이문성,1788,3550,-2000,NNP,교수명,T,이문성,*,*,*,*
이민식,1788,3550,-2000,NNP,교수명,T,이민식,*,*,*,*
이민애,1788,3549,-2000,NNP,교수명,F,이민애,*,*,*,*
이민영,1788,3550,-2000,NNP,교수명,T,이민영,*,*,*,*
이방욱,1788,3550,-2000,NNP,교수명,T,이방욱,*,*,*,*
이병관,1788,3550,-2000,NNP,교수명,T,이병관,*,*,*,*
이병주,1788,3549,-2000,NNP,교수명,F,이병주,*,*,*,*
이병준,1788,3550,-2000,NNP,교수명,T,이병준,*,*,*,*
이복영,1788,3550,-2000,NNP,교수명,T,이복영,*,*,*,*
이상록,1788,3550,-2000,NNP,교수명,T,이상록,*,*,*,*
이상열,1788,3550,-2000,NNP,교수명,T,이상열,*,*,*,*
이상엽,1788,3550,-2000,NNP,교수명,T,이상엽,*,*,*,*
이상욱,1788,3550,-2000,NNP,교수명,T,이상욱,*,*,*,*
이상윤,1788,3550,-2000,NNP,교수명,T,이상윤,*,*,*,*
이상훈,1788,3550,-2000,NNP,교수명,T,이상훈,*,*,*,*
이석종,1788,3550,-2000,NNP,교수명,T,이석종,*,*,*,*
이선영,1788,3550,-2000,NNP,교수명,T,이선영,*,*,*,*
이성식,1788,3550,-2000,NNP,교수명,T,이성식,*,*,*,*
이성온,1788,3550,-2000,NNP,교수명,T,이성온,*,*,*,*
이성욱,1788,3550,-2000,NNP,교수명,T,이성욱,*,*,*,*
이성준,1788,3550,-2000,NNP,교수명,T,이성준,*,*,*,*
이성환,1788,3550,-2000,NNP,교수명,T,이성환,*,*,*,*
이성훈,1788,3550,-2000,NNP,교수명,T,이성훈,*,*,*,*
이소연,1788,3550,-2000,NNP,교수명,T,이소연,*,*,*,*
이숙은,1788,3550,-2000,NNP,교수명,T,이숙은,*,*,*,*
이승환,1788,3550,-2000,NNP,교수명,T,이승환,*,*,*,*
이승희,1788,3549,-2000,NNP,교수명,F,이승희,*,*,*,*
이시은,1788,3550,-2000,NNP,교수명,T,이시은,*,*,*,*
이여운,1788,3550,-2000,NNP,교수명,T,이여운,*,*,*,*
이연준,1788,3550,-2000,NNP,교수명,T,이연준,*,*,*,*
이영문,1788,3550,-2000,NNP,교수명,T,이영문,*,*,*,*
이영식,1788,3550,-2000,NNP,교수명,T,이영식,*,*,*,*
이영재,1788,3549,-2000,NNP,교수명,F,이영재,*,*,*,*
이용건,1788,3550,-2000,NNP,교수명,T,이용건,*,*,*,*
이용우,1788,3549,-2000,NNP,교수명,F,이용우,*,*,*,*
이우석,1788,3550,-2000,NNP,교수명,T,이우석,*,*,*,*
이우진,1788,3550,-2000,NNP,교수명,T,이우진,*,*,*,*
이웅희,1788,3549,-2000,NNP,교수명,F,이웅희,*,*,*,*
이원철,1788,3550,-2000,NNP,교수명,T,이원철,*,*,*,*
이윤이나,1788,3549,-2000,NNP,교수명,F,이윤이나,*,*,*,*
이은규,1788,3549,-2000,NNP,교수명,F,이은규,*,*,*,*
이은정,1788,3550,-2000,NNP,교수명,T,이은정,*,*,*,*
이은주,1788,3549,-2000,NNP,교수명,F,이은주,*,*,*,*
이응열,1788,3550,-2000,NNP,교수명,T,이응열,*,*,*,*
이인숙,1788,3550,-2000,NNP,교수명,T,이인숙,*,*,*,*
이인식,1788,3550,-2000,NNP,교수명,T,이인식,*,*,*,*
이재복,1788,3550,-2000,NNP,교수명,T,이재복,*,*,*,*
이재원,1788,3550,-2000,NNP,교수명,T,이재원,*,*,*,*
이재환,1788,3550,-2000,NNP,교수명,T,이재환,*,*,*,*
이정규,1788,3549,-2000,NNP,교수명,F,이정규,*,*,*,*
이정수,1788,3549,-2000,NNP,교수명,F,이정수,*,*,*,*
이정연,1788,3550,-2000,NNP,교수명,T,이정연,*,*,*,*
이정원,1788,3550,-2000,NNP,교수명,T,이정원,*,*,*,*
이정철,1788,3550,-2000,NNP,교수명,T,이정철,*,*,*,*
이정호,1788,3549,-2000,NNP,교수명,F,이정호,*,*,*,*
이정환,1788,3550,-2000,NNP,교수명,T,이정환,*,*,*,*
이정훈,1788,3550,-2000,NNP,교수명,T,이정훈,*,*,*,*
이정희,1788,3549,-2000,NNP,교수명,F,이정희,*,*,*,*
이종수,1788,3549,-2000,NNP,교수명,F,이종수,*,*,*,*
이주성,1788,3550,-2000,NNP,교수명,T,이주성,*,*,*,*
이주영,1788,3550,-2000,NNP,교수명,T,이주영,*,*,*,*
이주윤,1788,3550,-2000,NNP,교수명,T,이주윤,*,*,*,*
이주헌,1788,3550,-2000,NNP,교수명,T,이주헌,*,*,*,*
이주현,1788,3550,-2000,NNP,교수명,T,이주현,*,*,*,*
이중근,1788,3550,-2000,NNP,교수명,T,이중근,*,*,*,*
이지혜,1788,3549,-2000,NNP,교수명,F,이지혜,*,*,*,*
이진,1788,3550,-2000,NNP,교수명,T,이진,*,*,*,*
이지숙,1788,3550,-2000,NNP,교수명,T,이지숙,*,*,*,*
이지영,1788,3550,-2000,NNP,교수명,T,이지영,*,*,*,*
이지형,1788,3550,-2000,NNP,교수명,T,이지형,*,*,*,*
이진경,1788,3550,-2000,NNP,교수명,T,이진경,*,*,*,*
이진영,1788,3550,-2000,NNP,교수명,T,이진영,*,*,*,*
이찬길,1788,3550,-2000,NNP,교수명,T,이찬길,*,*,*,*
이창준,1788,3550,-2000,NNP,교수명,T,이창준,*,*,*,*
이창희,1788,3549,-2000,NNP,교수명,F,이창희,*,*,*,*
이철훈,1788,3550,-2000,NNP,교수명,T,이철훈,*,*,*,*
이춘선,1788,3550,-2000,NNP,교수명,T,이춘선,*,*,*,*
이충훈,1788,3550,-2000,NNP,교수명,T,이충훈,*,*,*,*
이태경,1788,3550,-2000,NNP,교수명,T,이태경,*,*,*,*
이태복,1788,3550,-2000,NNP,교수명,T,이태복,*,*,*,*
이태식,1788,3550,-2000,NNP,교수명,T,이태식,*,*,*,*
이태윤,1788,3550,-2000,NNP,교수명,T,이태윤,*,*,*,*
이태정,1788,3550,-2000,NNP,교수명,T,이태정,*,*,*,*
이태형,1788,3550,-2000,NNP,교수명,T,이태형,*,*,*,*
이필영,1788,3550,-2000,NNP,교수명,T,이필영,*,*,*,*
이학준,1788,3550,-2000,NNP,교수명,T,이학준,*,*,*,*
이한밀,1788,3550,-2000,NNP,교수명,T,이한밀,*,*,*,*
이한승,1788,3550,-2000,NNP,교수명,T,이한승,*,*,*,*
이해준,1788,3550,-2000,NNP,교수명,T,이해준,*,*,*,*
이형규,1788,3549,-2000,NNP,교수명,F,이형규,*,*,*,*
이형석,1788,3550,-2000,NNP,교수명,T,이형석,*,*,*,*
이혜진,1788,3550,-2000,NNP,교수명,T,이혜진,*,*,*,*
이호열,1788,3550,-2000,NNP,교수명,T,이호열,*,*,*,*
이화성,1788,3550,-2000,NNP,교수명,T,이화성,*,*,*,*
이화종,1788,3550,-2000,NNP,교수명,T,이화종,*,*,*,*
이희수,1788,3549,-2000,NNP,교수명,F,이희수,*,*,*,*
이희종,1788,3550,-2000,NNP,교수명,T,이희종,*,*,*,*
인희교,1788,3549,-2000,NNP,교수명,F,인희교,*,*,*,*
임동우,1788,3549,-2000,NNP,교수명,F,임동우,*,*,*,*
임동진,1788,3550,-2000,NNP,교수명,T,임동진,*,*,*,*
임민경,1788,3550,-2000,NNP,교수명,T,임민경,*,*,*,*
임성숙,1788,3550,-2000,NNP,교수명,T,임성숙,*,*,*,*
임유종,1788,3550,-2000,NNP,교수명,T,임유종,*,*,*,*
임이숙,1788,3550,-2000,NNP,교수명,T,임이숙,*,*,*,*
임재영,1788,3550,-2000,NNP,교수명,T,임재영,*,*,*,*
임재준,1788,3550,-2000,NNP,교수명,T,임재준,*,*,*,*
임준홍,1788,3550,-2000,NNP,교수명,T,임준홍,*,*,*,*
임지택,1788,3550,-2000,NNP,교수명,T,임지택,*,*,*,*
임태성,1788,3550,-2000,NNP,교수명,T,임태성,*,*,*,*
임헌봉,1788,3550,-2000,NNP,교수명,T,임헌봉,*,*,*,*
임현민,1788,3550,-2000,NNP,교수명,T,임현민,*,*,*,*
임형신,1788,3550,-2000,NNP,교수명,T,임형신,*,*,*,*
임효정,1788,3550,-2000,NNP,교수명,T,임효정,*,*,*,*
장광석,1788,3550,-2000,NNP,교수명,T,장광석,*,*,*,*
장구보,1788,3549,-2000,NNP,교수명,F,장구보,*,*,*,*
장동원,1788,3550,-2000,NNP,교수명,T,장동원,*,*,*,*
장명옥,1788,3550,-2000,NNP,교수명,T,장명옥,*,*,*,*
장승환,1788,3550,-2000,NNP,교수명,T,장승환,*,*,*,*
장영욱,1788,3550,-2000,NNP,교수명,T,장영욱,*,*,*,*
장우성,1788,3550,-2000,NNP,교수명,T,장우성,*,*,*,*
장지수,1788,3549,-2000,NNP,교수명,F,장지수,*,*,*,*
장학진,1788,3550,-2000,NNP,교수명,T,장학진,*,*,*,*
장혜주,1788,3549,-2000,NNP,교수명,F,장혜주,*,*,*,*
장혜진,1788,3550,-2000,NNP,교수명,T,장혜진,*,*,*,*
전동표,1788,3549,-2000,NNP,교수명,F,전동표,*,*,*,*
전범수,1788,3549,-2000,NNP,교수명,F,전범수,*,*,*,*
전상길,1788,3550,-2000,NNP,교수명,T,전상길,*,*,*,*
전상운,1788,3550,-2000,NNP,교수명,T,전상운,*,*,*,*
전서영,1788,3550,-2000,NNP,교수명,T,전서영,*,*,*,*
전원석,1788,3550,-2000,NNP,교수명,T,전원석,*,*,*,*
전창호,1788,3549,-2000,NNP,교수명,F,전창호,*,*,*,*
전형필,1788,3550,-2000,NNP,교수명,T,전형필,*,*,*,*
전혜진,1788,3550,-2000,NNP,교수명,T,전혜진,*,*,*,*
정갑준,1788,3550,-2000,NNP,교수명,T,정갑준,*,*,*,*
정기태,1788,3549,-2000,NNP,교수명,F,정기태,*,*,*,*
정나리,1788,3549,-2000,NNP,교수명,F,정나리,*,*,*,*
정대호,1788,3549,-2000,NNP,교수명,F,정대호,*,*,*,*
정명문,1788,3550,-2000,NNP,교수명,T,정명문,*,*,*,*
정민경,1788,3550,-2000,NNP,교수명,T,정민경,*,*,*,*
정병석,1788,3550,-2000,NNP,교수명,T,정병석,*,*,*,*
정병호,1788,3549,-2000,NNP,교수명,F,정병호,*,*,*,*
정보경,1788,3550,-2000,NNP,교수명,T,정보경,*,*,*,*
정새해,1788,3549,-2000,NNP,교수명,F,정새해,*,*,*,*
정석원,1788,3550,-2000,NNP,교수명,T,정석원,*,*,*,*
정성호,1788,3549,-2000,NNP,교수명,F,정성호,*,*,*,*
정세진,1788,3550,-2000,NNP,교수명,T,정세진,*,*,*,*
정수경,1788,3550,-2000,NNP,교수명,T,정수경,*,*,*,*
정수욱,1788,3550,-2000,NNP,교수명,T,정수욱,*,*,*,*
정연이,1788,3549,-2000,NNP,교수명,F,정연이,*,*,*,*
정연주,1788,3549,-2000,NNP,교수명,F,정연주,*,*,*,*
정영대,1788,3549,-2000,NNP,교수명,F,정영대,*,*,*,*
정영주,1788,3549,-2000,NNP,교수명,F,정영주,*,*,*,*
정영천,1788,3550,-2000,NNP,교수명,T,정영천,*,*,*,*
정요섭,1788,3550,-2000,NNP,교수명,T,정요섭,*,*,*,*
정유미,1788,3549,-2000,NNP,교수명,F,정유미,*,*,*,*
정인하,1788,3549,-2000,NNP,교수명,F,정인하,*,*,*,*
정일엽,1788,3550,-2000,NNP,교수명,T,정일엽,*,*,*,*
정주성,1788,3550,-2000,NNP,교수명,T,정주성,*,*,*,*
정준희,1788,3549,-2000,NNP,교수명,F,정준희,*,*,*,*
정지은,1788,3550,-2000,NNP,교수명,T,정지은,*,*,*,*
정진태,1788,3549,-2000,NNP,교수명,F,정진태,*,*,*,*
정하미,1788,3549,-2000,NNP,교수명,F,정하미,*,*,*,*
정혜영,1788,3550,-2000,NNP,교수명,T,정혜영,*,*,*,*
정희다,1788,3549,-2000,NNP,교수명,F,정희다,*,*,*,*
정희준,1788,3550,-2000,NNP,교수명,T,정희준,*,*,*,*
조국영,1788,3550,-2000,NNP,교수명,T,조국영,*,*,*,*
조기범,1788,3550,-2000,NNP,교수명,T,조기범,*,*,*,*
조미행,1788,3550,-2000,NNP,교수명,T,조미행,*,*,*,*
조상욱,1788,3550,-2000,NNP,교수명,T,조상욱,*,*,*,*
조성현,1788,3550,-2000,NNP,교수명,T,조성현,*,*,*,*
조수연,1788,3550,-2000,NNP,교수명,T,조수연,*,*,*,*
조영삼,1788,3550,-2000,NNP,교수명,T,조영삼,*,*,*,*
조영호,1788,3549,-2000,NNP,교수명,F,조영호,*,*,*,*
조옥래,1788,3549,-2000,NNP,교수명,F,조옥래,*,*,*,*
조용우,1788,3549,-2000,NNP,교수명,F,조용우,*,*,*,*
조용현,1788,3550,-2000,NNP,교수명,T,조용현,*,*,*,*
조원준,1788,3550,-2000,NNP,교수명,T,조원준,*,*,*,*
조윤정,1788,3550,-2000,NNP,교수명,T,조윤정,*,*,*,*
조은정,1788,3550,-2000,NNP,교수명,T,조은정,*,*,*,*
조일동,1788,3550,-2000,NNP,교수명,T,조일동,*,*,*,*
조재영,1788,3550,-2000,NNP,교수명,T,조재영,*,*,*,*
조주연,1788,3550,-2000,NNP,교수명,T,조주연,*,*,*,*
조준영,1788,3550,-2000,NNP,교수명,T,조준영,*,*,*,*
조진희,1788,3549,-2000,NNP,교수명,F,조진희,*,*,*,*
조하나,1788,3549,-2000,NNP,교수명,F,조하나,*,*,*,*
조한광,1788,3550,-2000,NNP,교수명,T,조한광,*,*,*,*
조한익,1788,3550,-2000,NNP,교수명,T,조한익,*,*,*,*
조현의,1788,3549,-2000,NNP,교수명,F,조현의,*,*,*,*
조현진,1788,3550,-2000,NNP,교수명,T,조현진,*,*,*,*
조혜수,1788,3549,-2000,NNP,교수명,F,조혜수,*,*,*,*
좌용호,1788,3549,-2000,NNP,교수명,F,좌용호,*,*,*,*
주다영,1788,3550,-2000,NNP,교수명,T,주다영,*,*,*,*
주동헌,1788,3550,-2000,NNP,교수명,T,주동헌,*,*,*,*
주만수,1788,3549,-2000,NNP,교수명,F,주만수,*,*,*,*
주영아,1788,3549,-2000,NNP,교수명,F,주영아,*,*,*,*
지호순,1788,3550,-2000,NNP,교수명,T,지호순,*,*,*,*
진종호,1788,3549,-2000,NNP,교수명,F,진종호,*,*,*,*
진창하,1788,3549,-2000,NNP,교수명,F,진창하,*,*,*,*
차민철,1788,3550,-2000,NNP,교수명,T,차민철,*,*,*,*
차용욱,1788,3550,-2000,NNP,교수명,T,차용욱,*,*,*,*
차혜영,1788,3550,-2000,NNP,교수명,T,차혜영,*,*,*,*
채영규,1788,3549,-2000,NNP,교수명,F,채영규,*,*,*,*
채원중,1788,3550,-2000,NNP,교수명,T,채원중,*,*,*,*
채준,1788,3550,-2000,NNP,교수명,T,채준,*,*,*,*
채창훈,1788,3550,-2000,NNP,교수명,T,채창훈,*,*,*,*
채필석,1788,3550,-2000,NNP,교수명,T,채필석,*,*,*,*
최강일,1788,3550,-2000,NNP,교수명,T,최강일,*,*,*,*
최경옥,1788,3550,-2000,NNP,교수명,T,최경옥,*,*,*,*
최경원,1788,3550,-2000,NNP,교수명,T,최경원,*,*,*,*
최경철,1788,3550,-2000,NNP,교수명,T,최경철,*,*,*,*
최광성,1788,3550,-2000,NNP,교수명,T,최광성,*,*,*,*
최기영,1788,3550,-2000,NNP,교수명,T,최기영,*,*,*,*
최기환,1788,3550,-2000,NNP,교수명,T,최기환,*,*,*,*
최낙삼,1788,3550,-2000,NNP,교수명,T,최낙삼,*,*,*,*
최동호,1788,3549,-2000,NNP,교수명,F,최동호,*,*,*,*
최명렬,1788,3550,-2000,NNP,교수명,T,최명렬,*,*,*,*
최미호,1788,3549,-2000,NNP,교수명,F,최미호,*,*,*,*
최병규,1788,3549,-2000,NNP,교수명,F,최병규,*,*,*,*
최상학,1788,3550,-2000,NNP,교수명,T,최상학,*,*,*,*
최서진,1788,3550,-2000,NNP,교수명,T,최서진,*,*,*,*
최성경,1788,3550,-2000,NNP,교수명,T,최성경,*,*,*,*
최성원,1788,3550,-2000,NNP,교수명,T,최성원,*,*,*,*
최아연,1788,3550,-2000,NNP,교수명,T,최아연,*,*,*,*
최양호,1788,3549,-2000,NNP,교수명,F,최양호,*,*,*,*
최영진,1788,3550,-2000,NNP,교수명,T,최영진,*,*,*,*
최영철,1788,3550,-2000,NNP,교수명,T,최영철,*,*,*,*
최원준,1788,3550,-2000,NNP,교수명,T,최원준,*,*,*,*
최유미,1788,3549,-2000,NNP,교수명,F,최유미,*,*,*,*
최윤석,1788,3550,-2000,NNP,교수명,T,최윤석,*,*,*,*
최윤슬,1788,3550,-2000,NNP,교수명,T,최윤슬,*,*,*,*
최윤형,1788,3550,-2000,NNP,교수명,T,최윤형,*,*,*,*
최은지,1788,3549,-2000,NNP,교수명,F,최은지,*,*,*,*
최인경,1788,3550,-2000,NNP,교수명,T,최인경,*,*,*,*
최재찬,1788,3550,-2000,NNP,교수명,T,최재찬,*,*,*,*
최재호,1788,3549,-2000,NNP,교수명,F,최재호,*,*,*,*
최준명,1788,3550,-2000,NNP,교수명,T,최준명,*,*,*,*
최중식,1788,3550,-2000,NNP,교수명,T,최중식,*,*,*,*
최지상,1788,3550,-2000,NNP,교수명,T,최지상,*,*,*,*
최지웅,1788,3550,-2000,NNP,교수명,T,최지웅,*,*,*,*
최지원,1788,3550,-2000,NNP,교수명,T,최지원,*,*,*,*
최진아,1788,3549,-2000,NNP,교수명,F,최진아,*,*,*,*
최한곤,1788,3550,-2000,NNP,교수명,T,최한곤,*,*,*,*
태성호,1788,3549,-2000,NNP,교수명,F,태성호,*,*,*,*
표재연,1788,3550,-2000,NNP,교수명,T,표재연,*,*,*,*
하동훈,1788,3550,-2000,NNP,교수명,T,하동훈,*,*,*,*
하미정,1788,3550,-2000,NNP,교수명,T,하미정,*,*,*,*
하우락,1788,3550,-2000,NNP,교수명,T,하우락,*,*,*,*
하정미,1788,3549,-2000,NNP,교수명,F,하정미,*,*,*,*
하준경,1788,3550,-2000,NNP,교수명,T,하준경,*,*,*,*
하철수,1788,3549,-2000,NNP,교수명,F,하철수,*,*,*,*
한미정,1788,3550,-2000,NNP,교수명,T,한미정,*,*,*,*
한상필,1788,3550,-2000,NNP,교수명,T,한상필,*,*,*,*
한승,1788,3550,-2000,NNP,교수명,T,한승,*,*,*,*
한승훈,1788,3550,-2000,NNP,교수명,T,한승훈,*,*,*,*
한영규,1788,3549,-2000,NNP,교수명,F,한영규,*,*,*,*
한운기,1788,3549,-2000,NNP,교수명,F,한운기,*,*,*,*
한웅희,1788,3549,-2000,NNP,교수명,F,한웅희,*,*,*,*
한재권,1788,3550,-2000,NNP,교수명,T,한재권,*,*,*,*
한정순,1788,3550,-2000,NNP,교수명,T,한정순,*,*,*,*
한정연,1788,3550,-2000,NNP,교수명,T,한정연,*,*,*,*
한정완,1788,3550,-2000,NNP,교수명,T,한정완,*,*,*,*
한창수,1788,3549,-2000,NNP,교수명,F,한창수,*,*,*,*
한창희,1788,3549,-2000,NNP,교수명,F,한창희,*,*,*,*
한홍석,1788,3550,-2000,NNP,교수명,T,한홍석,*,*,*,*
한홍열,1788,3550,-2000,NNP,교수명,T,한홍열,*,*,*,*
한희창,1788,3550,-2000,NNP,교수명,T,한희창,*,*,*,*
함봉희,1788,3549,-2000,NNP,교수명,F,함봉희,*,*,*,*
함윤호,1788,3549,-2000,NNP,교수명,F,함윤호,*,*,*,*
허선,1788,3550,-2000,NNP,교수명,T,허선,*,*,*,*
허지욱,1788,3550,-2000,NNP,교수명,T,허지욱,*,*,*,*
홍사선,1788,3550,-2000,NNP,교수명,T,홍사선,*,*,*,*
홍석민,1788,3550,-2000,NNP,교수명,T,홍석민,*,*,*,*
홍석준,1788,3550,-2000,NNP,교수명,T,홍석준,*,*,*,*
홍성훈,1788,3550,-2000,NNP,교수명,T,홍성훈,*,*,*,*
홍순필,1788,3550,-2000,NNP,교수명,T,홍순필,*,*,*,*
홍승호,1788,3549,-2000,NNP,교수명,F,홍승호,*,*,*,*
홍우정,1788,3550,-2000,NNP,교수명,T,홍우정,*,*,*,*
홍일한,1788,3550,-2000,NNP,교수명,T,홍일한,*,*,*,*
홍주유,1788,3549,-2000,NNP,교수명,F,홍주유,*,*,*,*
홍진경,1788,3550,-2000,NNP,교수명,T,홍진경,*,*,*,*
홍혜진,1788,3550,-2000,NNP,교수명,T,홍혜진,*,*,*,*
황수지,1788,3549,-2000,NNP,교수명,F,황수지,*,*,*,*
황승용,1788,3550,-2000,NNP,교수명,T,황승용,*,*,*,*
황승준,1788,3550,-2000,NNP,교수명,T,황승준,*,*,*,*
황영진,1788,3550,-2000,NNP,교수명,T,황영진,*,*,*,*
황윤실,1788,3550,-2000,NNP,교수명,T,황윤실,*,*,*,*
황이현,1788,3550,-2000,NNP,교수명,T,황이현,*,*,*,*
황인희,1788,3549,-2000,NNP,교수명,F,황인희,*,*,*,*
황종선,1788,3550,-2000,NNP,교수명,T,황종선,*,*,*,*
황주현,1788,3550,-2000,NNP,교수명,T,황주현,*,*,*,*
AKDAG,1788,3550,-2000,NNP,교수명,T,AKDAG,*,*,*,*
Amanda,1788,3550,-2000,NNP,교수명,T,Amanda,*,*,*,*
Amanda Marie Dow,1788,3550,-2000,NNP,교수명,T,Amanda Marie Dow,*,*,*,*
Amy,1788,3550,-2000,NNP,교수명,T,Amy,*,*,*,*
Amy Leigh Redding,1788,3550,-8000,NNP,교수명,T,Amy Leigh Redding,*,*,*,*
Andrew,1788,3550,-2000,NNP,교수명,T,Andrew,*,*,*,*
Andrew Graham Cater,1788,3550,-2000,NNP,교수명,T,Andrew Graham Cater,*,*,*,*
Antonio,1788,3550,-2000,NNP,교수명,T,Antonio,*,*,*,*
Bert,1788,3550,-2000,NNP,교수명,T,Bert,*,*,*,*
Bert Binas,1788,3550,-2000,NNP,교수명,T,Bert Binas,*,*,*,*
Binas,1788,3550,-2000,NNP,교수명,T,Binas,*,*,*,*
Britten,1788,3550,-2000,NNP,교수명,T,Britten,*,*,*,*
Bronislaw,1788,3550,-2000,NNP,교수명,T,Bronislaw,*,*,*,*
Cater,1788,3550,-2000,NNP,교수명,T,Cater,*,*,*,*
Christian,1788,3550,-2000,NNP,교수명,T,Christian,*,*,*,*
Craig,1788,3550,-2000,NNP,교수명,T,Craig,*,*,*,*
Craig H. Kerschner,1788,3550,-2000,NNP,교수명,T,Craig H. Kerschner,*,*,*,*
CUI,1788,3550,-2000,NNP,교수명,T,CUI,*,*,*,*
CUI FENGHAO,1788,3550,-2000,NNP,교수명,T,CUI FENGHAO,*,*,*,*
Das,1788,3550,-2000,NNP,교수명,T,Das,*,*,*,*
David,1788,3549,-2000,NNP,교수명,F,David,*,*,*,*
Douglas,1788,3550,-2000,NNP,교수명,T,Douglas,*,*,*,*
Douglas J. Scott,1788,3550,-2000,NNP,교수명,T,Douglas J. Scott,*,*,*,*
Dow,1788,3550,-2000,NNP,교수명,T,Dow,*,*,*,*
Eckert,1788,3550,-2000,NNP,교수명,T,Eckert,*,*,*,*
Euan,1788,3550,-2000,NNP,교수명,T,Euan,*,*,*,*
Euan Matthew Kerr,1788,3550,-2000,NNP,교수명,T,Euan Matthew Kerr,*,*,*,*
Fei,1788,3550,-2000,NNP,교수명,T,Fei,*,*,*,*
FENGHAO,1788,3550,-2000,NNP,교수명,T,FENGHAO,*,*,*,*
Galloway,1788,3550,-2000,NNP,교수명,T,Galloway,*,*,*,*
George,1788,3550,-2000,NNP,교수명,T,George,*,*,*,*
George Gregory Young,1788,3550,-2000,NNP,교수명,T,George Gregory Young,*,*,*,*
Gouranga,1788,3550,-2000,NNP,교수명,T,Gouranga,*,*,*,*
Gouranga G. Das,1788,3550,-2000,NNP,교수명,T,Gouranga G. Das,*,*,*,*
Graham,1788,3550,-2000,NNP,교수명,T,Graham,*,*,*,*
Gregory,1788,3550,-2000,NNP,교수명,T,Gregory,*,*,*,*
HONGWEI,1788,3550,-2000,NNP,교수명,T,HONGWEI,*,*,*,*
Hove,1788,3550,-2000,NNP,교수명,T,Hove,*,*,*,*
Hu,1788,3550,-2000,NNP,교수명,T,Hu,*,*,*,*
Hu Jin,1788,3550,-2000,NNP,교수명,T,Hu Jin,*,*,*,*
Hussain,1788,3550,-3000,NNP,교수명,T,Hussain,*,*,*,*
Iscovitz,1788,3550,-2000,NNP,교수명,T,Iscovitz,*,*,*,*
James,1788,3550,-2000,NNP,교수명,T,James,*,*,*,*
Jin,1788,3550,-2000,NNP,교수명,T,Jin,*,*,*,*
Joon,1788,3550,-2000,NNP,교수명,T,Joon,*,*,*,*
Kenneth,1788,3550,-2000,NNP,교수명,T,Kenneth,*,*,*,*
Kenneth David Eckert,1788,3550,-2000,NNP,교수명,T,Kenneth David Eckert,*,*,*,*
Kerr,1788,3550,-2000,NNP,교수명,T,Kerr,*,*,*,*
Kerschner,1788,3550,-2000,NNP,교수명,T,Kerschner,*,*,*,*
Kevin,1788,3550,-2000,NNP,교수명,T,Kevin,*,*,*,*
Kevin Kyungsik Choe,1788,3550,-3000,NNP,교수명,T,Kevin Kyungsik Choe,*,*,*,*
KIM TAE HYUN,1788,3550,-2000,NNP,교수명,T,KIM TAE HYUN,*,*,*,*
Konieczny,1788,3550,-2000,NNP,교수명,T,Konieczny,*,*,*,*
Leigh,1788,3550,-2000,NNP,교수명,T,Leigh,*,*,*,*
Lloyd,1788,3549,-2000,NNP,교수명,F,Lloyd,*,*,*,*
Manwar,1788,3550,-2000,NNP,교수명,T,Manwar,*,*,*,*
Manwar Hussain,1788,3550,-3000,NNP,교수명,T,Manwar Hussain,*,*,*,*
Marie,1788,3550,-2000,NNP,교수명,T,Marie,*,*,*,*
Mark,1788,3550,-2000,NNP,교수명,T,Mark,*,*,*,*
Mark David Lloyd,1788,3549,-2000,NNP,교수명,F,Mark David Lloyd,*,*,*,*
Matthew,1788,3550,-2000,NNP,교수명,T,Matthew,*,*,*,*
Michael,1788,3550,-2000,NNP,교수명,T,Michael,*,*,*,*
Michael James Satterthwaite,1788,3550,-2000,NNP,교수명,T,Michael James Satterthwaite,*,*,*,*
Nina,1788,3550,-2000,NNP,교수명,T,Nina,*,*,*,*
Nina K. Iscovitz,1788,3550,-2000,NNP,교수명,T,Nina K. Iscovitz,*,*,*,*
Oronzo,1788,3550,-2000,NNP,교수명,T,Oronzo,*,*,*,*
Oronzo Antonio Venturoso,1788,3550,-2000,NNP,교수명,T,Oronzo Antonio Venturoso,*,*,*,*
Park,1788,3550,-2000,NNP,교수명,T,Park,*,*,*,*
Park Christian Joon,1788,3550,-2000,NNP,교수명,T,Park Christian Joon,*,*,*,*
Paul,1788,3550,-2000,NNP,교수명,T,Paul,*,*,*,*
Paul G. Surette,1788,3550,-2000,NNP,교수명,T,Paul G. Surette,*,*,*,*
Piotr,1788,3550,-2000,NNP,교수명,T,Piotr,*,*,*,*
Piotr Bronislaw Konieczny,1788,3550,-2000,NNP,교수명,T,Piotr Bronislaw Konieczny,*,*,*,*
Rukiye,1788,3550,-2000,NNP,교수명,T,Rukiye,*,*,*,*
Rukiye AKDAG,1788,3550,-2000,NNP,교수명,T,Rukiye AKDAG,*,*,*,*
Sato,1788,3550,-2000,NNP,교수명,T,Sato,*,*,*,*
Sato Takuma,1788,3550,-2000,NNP,교수명,T,Sato Takuma,*,*,*,*
Satterthwaite,1788,3550,-2000,NNP,교수명,T,Satterthwaite,*,*,*,*
Scott,1788,3550,-2000,NNP,교수명,T,Scott,*,*,*,*
Scott Uk-Jin Lee,1788,3550,-3000,NNP,교수명,T,Scott Uk-Jin Lee,*,*,*,*
Seki,1788,3550,-2000,NNP,교수명,T,Seki,*,*,*,*
Seki Yoko,1788,3550,-2000,NNP,교수명,T,Seki Yoko,*,*,*,*
So Young Kim,1788,3550,-2000,NNP,교수명,T,So Young Kim,*,*,*,*
Surette,1788,3550,-2000,NNP,교수명,T,Surette,*,*,*,*
Takuma,1788,3550,-2000,NNP,교수명,T,Takuma,*,*,*,*
Thomas,1788,3550,-2000,NNP,교수명,T,Thomas,*,*,*,*
Thomas Britten Hove,1788,3550,-2000,NNP,교수명,T,Thomas Britten Hove,*,*,*,*
Venturoso,1788,3550,-2000,NNP,교수명,T,Venturoso,*,*,*,*
Wallace,1788,3550,-2000,NNP,교수명,T,Wallace,*,*,*,*
Wallace S. Galloway,1788,3550,-2000,NNP,교수명,T,Wallace S. Galloway,*,*,*,*
Wang,1788,3550,-2000,NNP,교수명,T,Wang,*,*,*,*
Wang Fei,1788,3550,-2000,NNP,교수명,T,Wang Fei,*,*,*,*
Yoko,1788,3550,-2000,NNP,교수명,T,Yoko,*,*,*,*
Young,1788,3550,-2000,NNP,교수명,T,Young,*,*,*,*
YUE,1788,3550,-2000,NNP,교수명,T,YUE,*,*,*,*
ZHANG,1788,3550,-2000,NNP,교수명,T,ZHANG,*,*,*,*
ZHANG HONGWEI,1788,3550,-2000,NNP,교수명,T,ZHANG HONGWEI,*,*,*,*
ZHAO ,1788,3550,-2000,NNP,교수명,T,ZHAO ,*,*,*,*
ZHAO YUE,1788,3550,-2000,NNP,교수명,T,ZHAO YUE,*,*,*,*